http://primpress.ru/article/42436 РћРїР°СЃРЅРѕРµ РїСЂРёСЂРѕРґРЅРѕРµ СЏРІР»РµРЅРёРµ РѕР±СЂСѓС€РёС‚СЃСЏ РЅР° РџСЂРёРјРѕСЂСЊРµ РњРµС‚РµРѕСЌРєСЃРїРµСЂС‚ СЂР°СЃСЃРєР°Р·Р°Р», С‡С‚Рѕ СЌС‚Рѕ Р±СѓРґРµС‚ Рё РєРѕРіРґР° Р¶РґР°С‚СЊ 
https://www.nn.ru/news/more/dozhd_i_zhara_pasmurnaya_pogoda_ustanovitsya_v_nizhnem_novgorode_na_vykhodnykh/66132907/ РџРѕРіРѕРґР° РІ РќРёР¶РЅРµРј РќРѕРІРіРѕСЂРѕРґРµ РІ СЌС‚Рё РІС‹С…РѕРґРЅС‹Рµ 21, 22, 23 РёСЋРЅСЏ 2019 Рі | РќРѕРІРѕСЃС‚Рё NN.RU РЈР¶Рµ СЃРµРіРѕРґРЅСЏ РЅРёР¶РµРіРѕСЂРѕРґСЃРєРѕРµ РЅРµР±Рѕ Р·Р°С‚СЏРЅСѓС‚ СЃРµСЂС‹Рµ РѕР±Р»Р°РєР°, РѕР± СЌС‚РѕРј СЃРѕРѕР±С‰Р°РµС‚ Р“РёРґСЂРѕРјРµС‚С†РµРЅС‚СЂ Р РѕСЃСЃРёРё. РЎ Р±РѕР»СЊС€РѕР№ РІРµСЂРѕСЏС‚РЅРѕСЃС‚СЊСЋ РґРѕР¶РґСЊ РЅР°С‡РЅС‘С‚СЃСЏ РІ РїСЏС‚РЅРёС†Сѓ Рё Р±СѓРґРµС‚ РёРґС‚Рё РІСЃРµ РІС‹С…РѕРґРЅС‹Рµ. 
http://www.nashgorod.ru/news/society/23-06-2019/na-sleduyuschey-nedele-v-tyumeni-ozhidaetsya-25-potom-17-i-silnyy-liven РќР° СЃР»РµРґСѓСЋС‰РµР№ РЅРµРґРµР»Рµ РІ РўСЋРјРµРЅРё РѕР¶РёРґР°РµС‚СЃСЏ + 25, РїРѕС‚РѕРј + 17 Рё СЃРёР»СЊРЅС‹Р№ Р»РёРІРµРЅСЊ Р’ РўСЋРјРµРЅРё РЅР° СЃР»РµРґСѓСЋС‰РµР№ РЅРµРґРµР»Рµ СЃРёРЅРѕРїС‚РёРєРё РїСЂРѕРіРЅРѕР·РёСЂСѓСЋС‚ С‚РµРїР»СѓСЋ Рё РІРµС‚СЂРµРЅСѓСЋ РїРѕРіРѕРґСѓ.  | РќР°С€ Р“РѕСЂРѕРґ 
https://ex-press.by/rubrics/obshhestvo/2019/06/22/do-31s-ozhidaetsya-v-belarusi-23-iyunya Р”Рѕ +31В°РЎ РѕР¶РёРґР°РµС‚СЃСЏ РІ Р‘РµР»Р°СЂСѓСЃРё 23 РёСЋРЅСЏ | EX-PRESS.BY Р’ РІРѕСЃРєСЂРµСЃРµРЅСЊРµ РѕР¶РёРґР°РµС‚СЃСЏ РѕР±Р»Р°С‡РЅР°СЏ СЃ РїСЂРѕСЏСЃРЅРµРЅРёСЏРјРё РїРѕРіРѕРґР°. РџРѕ СЋРіРѕ-РІРѕСЃС‚РѕС‡РЅРѕР№ РїРѕР»РѕРІРёРЅРµ РїСЂРѕР№РґСѓС‚ РєСЂР°С‚РєРѕРІСЂРµРјРµРЅРЅС‹Рµ РґРѕР¶РґРё, РјРµСЃС‚Р°РјРё РіСЂРѕР·С‹. 
http://vn.ru/news-pogoda-1-i-2-sentyabrya-v-novosibirske-rezkoe-pokholodanie РџРѕРіРѕРґР° 1 Рё 2 СЃРµРЅС‚СЏР±СЂСЏ РІ РќРѕРІРѕСЃРёР±РёСЂСЃРєРµ: СЂРµР·РєРѕРµ РїРѕС…РѕР»РѕРґР°РЅРёРµ | VN.RU - РЅРѕРІРѕСЃС‚Рё РќРѕРІРѕСЃРёР±РёСЂСЃРєРѕР№ РѕР±Р»Р°СЃС‚Рё РџСЂР°РєС‚РёС‡РµСЃРєРё СЃ &amp;#43;30 РґРѕ &amp;#43;15В°РЎ СѓРїР°РґРµС‚ С‚РµРјРїРµСЂР°С‚СѓСЂР° РІСЃРµРіРѕ Р·Р° РїР°СЂСѓ РґРЅРµР№ РІ РќРѕРІРѕСЃРёР±РёСЂСЃРєРѕР№ РѕР±Р»Р°СЃС‚Рё. Р”РµС‚СЏРј, РєРѕС‚РѕСЂС‹Рµ РѕС‚РїСЂР°РІРёС‚СЃСЏ РІ С€РєРѕР»СЊРЅСѓСЋ Р»РёРЅРµР№РєСѓ, РїСЂРёРґРµС‚СЃСЏ РїРѕРјРµСЂР·РЅСѓС‚СЊ. 
http://rsport.ria.ru/20190830/1558059377.html Р’РѕР»РµР№Р±РѕР»РёСЃС‚РєРё СЃР±РѕСЂРЅРѕР№ Р РѕСЃСЃРёРё СЃС‹РіСЂР°СЋС‚ СЃ РєРѕРјР°РЅРґРѕР№ Р‘РµР»СЊРіРёРё РІ 1/8 С„РёРЅР°Р»Р° Р§Р• - РЎРїРѕСЂС‚ Р РРђ РќРѕРІРѕСЃС‚Рё, 30.08.2019 Р–РµРЅСЃРєР°СЏ СЃР±РѕСЂРЅР°СЏ Р РѕСЃСЃРёРё РїРѕ РІРѕР»РµР№Р±РѕР»Сѓ СЃС‹РіСЂР°РµС‚ СЃ РєРѕРјР°РЅРґРѕР№ Р‘РµР»СЊРіРёРё РІ 1/8 С„РёРЅР°Р»Р° С‡РµРјРїРёРѕРЅР°С‚Р° Р•РІСЂРѕРїС‹, РєРѕС‚РѕСЂС‹Р№ РїСЂРѕС…РѕРґРёС‚ РІ РўСѓСЂС†РёРё, РџРѕР»СЊС€Рµ, Р’РµРЅРіСЂРёРё Рё РЎР»РѕРІР°РєРёРё. РЎРїРѕСЂС‚ Р РРђ РќРѕРІРѕСЃС‚Рё, 30.08.2019 
http://babyplan.ru/forums/topic/85683-vykidyshi Р’Р«РљРР”Р«РЁР! - Р’СЃРµ Рѕ РїР»Р°РЅРёСЂРѕРІР°РЅРёРё Р±РµСЂРµРјРµРЅРЅРѕСЃС‚Рё - BabyPlan РўСѓС‚ РІСЃРµ РѕРїРёСЃР°РЅРѕ, РґРѕРІРѕР»СЊРЅРѕ Р¶С‘СЃС‚РєРѕ, РїСЂРѕС€Сѓ РїРѕРЅСЏС‚СЊ. Рђ РєС‚Рѕ РІРѕСЃРїСЂРёРёРјС‡РёРІ, РЅРµ С‡РёС‚Р°Р№С‚Рµ. Р”РµРІРѕС‡РєРё РІСЃРµРј РїСЂРёРІРµС‚! Р’РѕСЃСЃС‚Р°РЅРѕРІРёР»Р° РґРѕСЃС‚СѓРї СЃСЋРґР°, РїРёСЃР°Р»Р° РІ РґРµРєР°Р±СЂРµ С‡С‚Рѕ Р·Р°Р±РµСЂРµРјРµРЅРµР»Р°, РІС‹РєР»Р°РґС‹РІР°Р»Р° С„РѕС‚Рѕ С‚РµСЃС‚Р° РїСЂРёР·СЂР°РєР°...:) РІСЃРµ С‚Р°Рє СЂР°РґРѕРІР°Р»РёСЃСЊ, РіРѕРІРѕСЂРёР»Рё РѕРЅРѕ!!:) Рё РґР°, СЃРІРµСЂС€РёР»РѕСЃСЊ СЌС‚Рѕ Р±С‹Р»Рѕ РћРќРћ.. РљСЂР°С‚РєРѕ СЂР°СЃСЃРєР°Р¶Сѓ, РІРјРµСЃС‚Рµ СЃ РјСѓР¶Рµ... 
https://vz.ru/news/2019/9/11/997153.html Р’Р—Р“Р›РЇР” / РњР Рљ В«РўР°Р№С„СѓРЅВ» Р·Р°Р»РѕР¶РёР»Рё РІ РўР°С‚Р°СЂСЃС‚Р°РЅРµ ::  РќРѕРІРѕСЃС‚Рё РґРЅСЏ  
http://igromania.ru/news/85531/Zavtra_TNT_mozhet_pokazat_svoy_novyy_proekt-serial_po_Metro_2033.html Р—Р°РІС‚СЂР° В«РўРќРўВ» РјРѕР¶РµС‚ РїРѕРєР°Р·Р°С‚СЊ СЃРІРѕР№ РЅРѕРІС‹Р№ РїСЂРѕРµРєС‚ вЂ” СЃРµСЂРёР°Р» РїРѕ В«РњРµС‚СЂРѕ 2033В»? вЂ” РРіСЂРѕРјР°РЅРёСЏ РўРІРёС‚С‚РµСЂ-Р°РєРєР°СѓРЅС‚ &laquo;РўРќРў&raquo; РѕРїСѓР±Р»РёРєРѕРІР°Р» С‚Р°РёРЅСЃС‚РІРµРЅРЅС‹Р№ С‚РІРёС‚ СЃ СѓРїРѕРјРёРЅР°РЅРёСЏРјРё Р”РјРёС‚СЂРёСЏ Р“Р»СѓС…РѕРІСЃРєРѕРіРѕ, 23 Р°РІРіСѓСЃС‚Р° Рё РІРѕРїСЂРѕСЃРѕРј &laquo;Р РёСЃРєРЅС‘С€СЊ РІС‹Р№С‚Рё РёР· РјРµС‚СЂРѕ?&raquo;. Р’РјРµСЃС‚Рµ СЃ СЌС‚РёРј С‚РµР»РµРєР°РЅР°Р» СѓРїРѕРјСЏРЅСѓР» РЅРµСЃРєРѕР»СЊРєРѕ РЎРњР, СЃСЂРµРґРё РєРѕС‚РѕСЂС‹С…вЂ¦|РРіСЂРѕРјР°РЅРёСЏ 
http://www.yugopolis.ru/news/v-poslednij-den-rabochej-nedeli-na-kubani-prognoziruyutsya-livni-i-grozy-s-gradom-120822 Р’ РїРѕСЃР»РµРґРЅРёР№ РґРµРЅСЊ СЂР°Р±РѕС‡РµР№ РЅРµРґРµР»Рё РЅР° РљСѓР±Р°РЅРё РїСЂРѕРіРЅРѕР·РёСЂСѓСЋС‚СЃСЏ Р»РёРІРЅРё Рё РіСЂРѕР·С‹ СЃ РіСЂР°РґРѕРј | Р®РіРѕРїРѕР»РёСЃ Р­РєСЃС‚СЂРµРЅРЅРѕРµ РїСЂРµРґСѓРїСЂРµР¶РґРµРЅРёРµ РїРѕ РєРѕРјРїР»РµРєСЃСѓ РЅРµР±Р»Р°РіРѕРїСЂРёСЏС‚РЅС‹С… РјРµС‚РµРѕСЏРІР»РµРЅРёР№ СЂР°СЃРїСЂРѕСЃС‚СЂР°РЅРёР»Рё СЃРїР°СЃР°С‚РµР»Рё. 
https://sportmail.ru/news/football-foreign/37876755/ РњРёРЅСЃРєРѕРµ Р”РёРЅР°РјРѕ РїСЂРёРјРµС‚ Р‘РђРўР­ РІ С†РµРЅС‚СЂР°Р»СЊРЅРѕРј РјР°С‚С‡Рµ 14-РіРѕ С‚СѓСЂР° С„СѓС‚Р±РѕР»СЊРЅРѕРіРѕ С‡РµРјРїРёРѕРЅР°С‚Р° Р‘РµР»Р°СЂСѓСЃРё вЂ” РќРѕРІРѕСЃС‚Рё Р—Р°СЂСѓР±РµР¶РЅРѕРіРѕ С„СѓС‚Р±РѕР»Р° вЂ” Р¤СѓС‚Р±РѕР» - РЎРїРѕСЂС‚ Mail.ru Р”РІР° СЃС‚Р°СЂС‚РѕРІС‹С… РјР°С‚С‡Р° 14-РіРѕ С‚СѓСЂР° РїСЂРѕР№РґСѓС‚ СЃРµРіРѕРґРЅСЏ РЅР° С„СѓС‚Р±РѕР»СЊРЅРѕРј С‡РµРјРїРёРѕРЅР°С‚Рµ Р‘РµР»Р°СЂСѓСЃРё, СЃРѕРѕР±С‰Р°РµС‚ РєРѕСЂСЂРµСЃРїРѕРЅРґРµРЅС‚ Р‘Р•Р›РўРђ. 
https://deita.ru/ru/news/sinoptiki-ozvuchili-pogodu-na-subbotu-6-iyulya/ DEITA.RU - РќРѕРІРѕСЃС‚Рё Р РѕСЃСЃРёРё Рё Р”Р°Р»СЊРЅРµРіРѕ Р’РѕСЃС‚РѕРєР° РџРѕР»РёС‚РёРєР°, СЌРєРѕРЅРѕРјРёРєР°, РѕР±С‰РµСЃС‚РІРѕ, Р°РІС‚Рѕ, Р°РЅР°Р»РёС‚РёРєР° - СЃР°РјС‹Рµ РІР°Р¶РЅС‹Рµ Рё СЃРІРµР¶РёРµ РЅРѕРІРѕСЃС‚Рё Р РѕСЃСЃРёРё Рё Р”Р°Р»СЊРЅРµРіРѕ Р’РѕСЃС‚РѕРєР°. РћРїРµСЂР°С‚РёРІРЅРѕ, РґРѕСЃС‚РѕРІРµСЂРЅРѕ, РІР°Р¶РЅРѕ. РџРѕР»РЅР°СЏ РёРЅС„РѕСЂРјР°С†РёРѕРЅРЅР°СЏ РєР°СЂС‚РёРЅР° РґРЅСЏ. 
https://mir24.tv/news/16367517/v-dvuh-oblastyah-kazahstana-obyavleno-shtormovoe-preduprezhdenie Р’ РґРІСѓС… РѕР±Р»Р°СЃС‚СЏС… РљР°Р·Р°С…СЃС‚Р°РЅР° РѕР±СЉСЏРІР»РµРЅРѕ С€С‚РѕСЂРјРѕРІРѕРµ РїСЂРµРґСѓРїСЂРµР¶РґРµРЅРёРµ Р’ РљС‹Р·С‹Р»РѕСЂРґРёРЅСЃРєРѕР№ Рё РђС‚С‹СЂР°СѓСЃРєРѕР№ РѕР±Р»Р°СЃС‚СЏС… РѕР¶РёРґР°РµС‚СЃСЏ РіСЂРѕР·Р° СЃ РіСЂР°РґРѕРј Рё СЃРёР»СЊРЅС‹Рј РІРµС‚СЂРѕРј СЃ РїРѕСЂС‹РІР°РјРё РґРѕ 25 РјРµС‚СЂРѕРІ РІ СЃРµРєСѓРЅРґСѓ. 
https://7info.ru/ryazan/ryazan/s-ponedelnika-goryachuyu-vodu-otklyuchat-na-neskolkih-uliczah-ryazani/ РЎ РїРѕРЅРµРґРµР»СЊРЅРёРєР° РіРѕСЂСЏС‡СѓСЋ РІРѕРґСѓ РѕС‚РєР»СЋС‡Р°С‚ РЅР° РЅРµСЃРєРѕР»СЊРєРёС… СѓР»РёС†Р°С… Р СЏР·Р°РЅРё  
https://susanin.news/udmurtia/everyday/20190624-263689/ Р’ РР¶РµРІСЃРєРµ РѕРєРѕР»Рѕ 200 РґРѕРјРѕРІ РѕС‚РєР»СЋС‡Р°С‚ РѕС‚ РіРѕСЂСЏС‡РµР№ РІРѕРґС‹ // РРђ РЎСѓСЃР°РЅРёРЅ - РїСЂРѕРІРµСЂРµРЅРЅС‹Рµ РЅРѕРІРѕСЃС‚Рё РР¶РµРІСЃРєР° Рё РЈРґРјСѓСЂС‚РёРё, С„Р°РєС‚С‹ Рё РѕРїРёСЃР°РЅРёСЏ СЃРѕР±С‹С‚РёР№. РР¶РµРІСЃРє. РЈРґРјСѓСЂС‚РёСЏ. Р’ РР¶РµРІСЃРєРµ СЃС‚Р°СЂС‚СѓСЋС‚ РѕС‡РµСЂРµРґРЅС‹Рµ СЌС‚Р°РїС‹ РіРёРґСЂР°РІР»РёС‡РµСЃРєРёС… РёСЃРїС‹С‚Р°РЅРёР№. РќР° СЌС‚РѕР№ РЅРµРґРµР»Рµ РїРѕСЂСЏРґРєР° 200 РґРѕРјРѕРІ РѕСЃС‚Р°РЅСѓС‚СЃСЏ Р±РµР· РіРѕСЂСЏС‡РµР№ РІРѕРґС‹, СЃРѕРѕР±С‰Р°РµС‚ РїСЂРµСЃСЃ-СЃР»СѓР¶Р±Р° РЈРґРјСѓСЂС‚СЃРєРёС… РєРѕРјРјСѓРЅР°Р»СЊРЅС‹С… СЃРёСЃС‚РµРј. РЎ 25 РёСЋРЅСЏ РїРѕ 8 РёСЋР»СЏ РіРѕСЂСЏС‡... 
https://7days.ru/entertainment/horoscope/lunnyy-goroskop-na-7-iyulya-voskresene.htm Лунный гороскоп на 7 июля, воскресенье - 7Дней.ру День тщеславия и самолюбования. 
https://161.ru/text/summer/66172138 Р’ РњР§РЎ Р РѕСЃСЃРёРё РїРѕ Р РѕСЃС‚РѕРІСЃРєРѕР№ РѕР±Р»Р°СЃС‚Рё РѕР±СЉСЏРІРёР»Рё С€С‚РѕСЂРјРѕРІРѕРµ РїСЂРµРґСѓРїСЂРµР¶РґРµРЅРёРµ РїРѕ СЂРµРіРёРѕРЅСѓ: 24, 25 Рё 26 РёСЋР»СЏ РїСЂРѕР№РґСѓС‚ Р»РёРІРЅРё, РіСЂР°Рґ Рё С€РєРІР°Р»РёСЃС‚С‹Р№ РІРµС‚РµСЂ | 161.ru - РЅРѕРІРѕСЃС‚Рё Р РѕСЃС‚РѕРІР°-РЅР°-Р”РѕРЅСѓ РћР¶РёРґР°СЋС‚СЃСЏ Р»РёРІРЅРё Рё РіСЂРѕР·С‹ 
https://kazanfirst.ru/news/494697 KazanFirst                     - Р’ РўР°С‚Р°СЂСЃС‚Р°РЅРµ РѕР¶РёРґР°РµС‚СЃСЏ С‚РµРїР»Р°СЏ РїРѕРіРѕРґР° Р±РµР· РґРѕР¶РґРµР№ РЎС‚РѕР»Р±РёРє С‚РµСЂРјРѕРјРµС‚СЂР° РїРѕРґРЅРёРјРµС‚СЃСЏ РґРѕ 24 РіСЂР°РґСѓСЃРѕРІ С‚РµРїР»Р°. 
http://rifey.ru/news/perm/show_id_76746 Р’ РЅР°С‡Р°Р»Рµ РЅРµРґРµР»Рё 9 РґРѕРјРѕРІ РІ РџРµСЂРјРё РѕСЃС‚Р°РЅСѓС‚СЃСЏ Р±РµР· РІРѕРґС‹ | Р РёС„РµР№-РџРµСЂРјСЊ: РЅРѕРІРѕСЃС‚Рё РџРµСЂРјРё Рё РџРµСЂРјСЃРєРѕРіРѕ РєСЂР°СЏ Р’ РЅР°С‡Р°Р»Рµ РЅРµРґРµР»Рё РІ РґРІСѓС… СЂР°Р№РѕРЅР°С… РџРµСЂРјРё РѕР¶РёРґР°РµС‚СЃСЏ РѕС‚РєР»СЋС‡РµРЅРёРµ С…РѕР»РѕРґРЅРѕРіРѕ РІРѕРґРѕСЃРЅР°Р±Р¶РµРЅРёСЏ, СЂР°СЃСЃРєР°Р·Р°Р»Рё РІ В«РќРѕРІРѕРіРѕСЂ-РџСЂРёРєР°РјСЊРµВ». Р’ СЃРІСЏР·Рё СЃ РїР»Р°РЅРѕРІРѕ-СЂРµРјРѕРЅС‚РЅС‹РјРё СЂР°Р±РѕС‚Р°РјРё РІРѕРґС‹ РЅРµ Р±СѓРґРµС‚ РІ С‡Р°СЃС‚Рё РљРёСЂРѕРІСЃРєРѕРіРѕ Рё РЎРІРµСЂРґР»РѕРІСЃРєРѕРіРѕ СЂР°Р№РѕРЅРѕРІ РџРµСЂРјРё. Р’ РїРѕРЅРµРґРµР»СЊРЅРёРє 24 РёСЋРЅСЏ РІ 9 СѓС‚СЂР° РЅР° СЃСѓС‚РєРё РІРѕРґРѕСЃРЅР°Р±Р¶РµРЅРёРµ Р±СѓРґРµС‚ РѕС‚РєР»СЋС‡РµРЅРѕ РІ РґРѕРјР°С… РїРѕ СѓР»РёС†Рµ РњР°СЂС€Р°Р»Р° Р С‹Р±Р°Р»РєРѕ, 107 Рё 109. Р’ СЃСЂРµРґСѓ 26 РёСЋРЅСЏ СЃ 9:30 Рё РґРѕ 19:30 Р±РµР· РІРѕРґС‹ РѕРєР°Р¶СѓС‚СЃСЏ РґРѕРјР° РїРѕ СѓР»РёС†Рµ РљСѓСЂС‡Р°С‚РѕРІР°, 1, 5, 7, РљРѕСЏРЅРѕРІСЃРєР°СЏ, 10, 6, РўР°Р±РѕСЂСЃРєР°СЏ, 22, 22Р°. Р–РёС‚РµР»РµР№ РїСЂРѕСЃСЏС‚ Р·Р°Р±Р»Р°РіРѕРІСЂРµРјРµРЅРЅРѕ СЃРґРµР»Р°С‚СЊ Р·Р°РїР°СЃС‹ РІРѕРґС‹. 
https://nevnov.ru/689685-v-pyatnicu-leningradskuyu-oblast-nakroyut-dozhdi-i-grozy Р’ РїСЏС‚РЅРёС†Сѓ Р›РµРЅРёРЅРіСЂР°РґСЃРєСѓСЋ РѕР±Р»Р°СЃС‚СЊ РЅР°РєСЂРѕСЋС‚ РґРѕР¶РґРё Рё РіСЂРѕР·С‹ | РќРѕРІРѕСЃС‚Рё РџСЏС‚РЅРёС†Р° РІ Р›РµРЅРёРЅРіСЂР°РґСЃРєРѕР№ РѕР±Р»Р°СЃС‚Рё Р±СѓРґРµС‚ РґРѕР¶РґР»РёРІРѕР№, РІ РЅРµРєРѕС‚РѕСЂС‹С… СЂР°Р№РѕРЅР°С… РІРѕР·РјРѕР¶РЅС‹ РіСЂРѕР·С‹. РўРµРјРїРµСЂР°С‚СѓСЂР° РІ РЅРѕС‡РЅРѕРµ РІСЂРµРјСЏ СЃРѕСЃС‚Р°РІРёС‚ +13 РіСЂР°РґСѓСЃРѕРІ, Р° РґРЅРµРј РІРѕР·РґСѓС… РїСЂРѕРіСЂРµРµС‚СЃСЏ РґРѕ +19 РіСЂР°РґСѓСЃРѕРІ. 
http://rusfootball.info/rss/1146579671-klaudio-raneri-mozhet-vozglavit-kievskoe-dinamo.html Клаудио Раньери может возглавить киевское "Динамо" В» Футбол России и Мира, новости, трансляции, фото, видео Киевское Динамо может возглавить известный итальянский специалист. Руководство клуба поставило ультиматум нынешнему наставнику динамо Алексею Михайличенко – стабилизация игры, и улучшение результатов 
https://www.enisey.tv/news/post-16449/ РџРѕРґСЂРѕР±РЅРѕСЃС‚Рё Р¶РµСЃС‚РѕРєРѕР№ РґСЂР°РєРё РІ РќРѕСЂРёР»СЊСЃРєРµ, РіРґРµ РґРѕ РїРѕС‚РµСЂРё СЃРѕР·РЅР°РЅРёСЏ Р±РёР»Рё РґРµРІСѓС€РєСѓ вЂ” РќРѕРІРѕСЃС‚Рё РљСЂР°СЃРЅРѕСЏСЂСЃРєР° РЅР° С‚РµР»РµРєР°РЅР°Р»Рµ Р•РЅРёСЃРµР№ РџРѕРґСЂРѕР±РЅРѕСЃС‚Рё Р¶РµСЃС‚РѕРєРѕР№ РґСЂР°РєРё РІ РќРѕСЂРёР»СЊСЃРєРµ, РіРґРµ РґРѕ РїРѕС‚РµСЂРё СЃРѕР·РЅР°РЅРёСЏ Р±РёР»Рё РґРµРІСѓС€РєСѓ 
